,O_All Other 3s,O_In the Paint,O_Rim,O_Corner 3 Left,O_Corner 3 Right,O_Mid 2,D_All Other 3s,D_In the Paint,D_Rim,D_Corner 3 Left,D_Corner 3 Right,D_Mid 2
Air Force,0.3333333333333333,0.34269662921348315,0.6561085972850679,0.4411764705882353,0.4411764705882353,0.31958762886597936,0.37894736842105264,0.3623853211009174,0.7021276595744681,0.41379310344827586,0.5,0.34408602150537637
Akron,0.3709677419354839,0.34375,0.6666666666666666,0.46153846153846156,0.14285714285714285,0.3793103448275862,0.3541666666666667,0.4583333333333333,0.7222222222222222,0.5555555555555556,0.3333333333333333,0.41379310344827586
Alabama,0.3123877917414722,0.4532710280373832,0.6588785046728972,0.3939393939393939,0.37662337662337664,0.315,0.31546707503828486,0.38923395445134573,0.5981818181818181,0.35,0.4186046511627907,0.36329588014981273
Alabama A&M,0.34328358208955223,0.24175824175824176,0.6507936507936508,0.375,0.5,0.25,0.44086021505376344,0.5535714285714286,0.89,0.16666666666666666,0.625,0.3333333333333333
Alabama State,0.30303030303030304,0.3717948717948718,0.5,0.0,0.6,0.2682926829268293,0.425,0.46296296296296297,0.6813186813186813,0.3333333333333333,0.4,0.375
Albany,0.23404255319148937,0.2727272727272727,0.4090909090909091,0.2,0.8,0.44,0.32,0.48484848484848486,0.5614035087719298,0.5,0.4,0.2631578947368421
Alcorn State,0.24242424242424243,0.3902439024390244,0.6,0.25,0.6,0.38235294117647056,0.43859649122807015,0.5833333333333334,0.6666666666666666,0.5555555555555556,0.3,0.4
American University,0.453125,0.5151515151515151,0.6417910447761194,0.26666666666666666,0.4375,0.0,0.5,0.47368421052631576,0.5974025974025974,0.5,0.5555555555555556,0.42857142857142855
Appalachian State,0.3129251700680272,0.43010752688172044,0.6346153846153846,0.2857142857142857,0.3333333333333333,0.3783783783783784,0.36792452830188677,0.5,0.6608695652173913,0.16666666666666666,0.6666666666666666,0.3333333333333333
Arizona,0.3724770642201835,0.46284501061571126,0.722027972027972,0.47058823529411764,0.2857142857142857,0.4430379746835443,0.337228714524207,0.39341085271317827,0.6187943262411347,0.5,0.4473684210526316,0.325
Arizona State,0.3483535528596187,0.39209726443769,0.6515463917525773,0.37209302325581395,0.35294117647058826,0.40559440559440557,0.3346938775510204,0.39944903581267216,0.6463414634146342,0.4528301886792453,0.2608695652173913,0.3356643356643357
Arkansas,0.40286298568507156,0.37142857142857144,0.6878850102669405,0.3409090909090909,0.2972972972972973,0.36875,0.3693379790940767,0.3416666666666667,0.6702819956616052,0.32727272727272727,0.3333333333333333,0.3385416666666667
Arkansas State,0.3392857142857143,0.23529411764705882,0.53125,0.0,0.5,0.5263157894736842,0.37777777777777777,0.5294117647058824,0.64,0.4,0.4,0.4090909090909091
Arkansas-Little Rock,0.25,0.3333333333333333,0.5641025641025641,0.0,0.0,0.4,0.3684210526315789,0.36363636363636365,0.7222222222222222,0.3333333333333333,0.25,0.3333333333333333
Arkansas-Pine Bluff,0.2619047619047619,0.44776119402985076,0.6567164179104478,0.5,0.0,0.34285714285714286,0.3373493975903614,0.44,0.6693548387096774,0.5,0.5294117647058824,0.28
Army,0.4322033898305085,0.4166666666666667,0.6382978723404256,0.0,0.5,0.21739130434782608,0.2727272727272727,0.631578947368421,0.7741935483870968,0.8333333333333334,0.25,0.5384615384615384
Auburn,0.3367952522255193,0.3053691275167785,0.6355633802816901,0.3829787234042553,0.4146341463414634,0.2542372881355932,0.32637571157495254,0.41369047619047616,0.5902912621359223,0.3333333333333333,0.4827586206896552,0.375
Austin Peay,0.35789473684210527,0.4818181818181818,0.5857142857142857,0.5714285714285714,0.14285714285714285,0.2127659574468085,0.37349397590361444,0.47959183673469385,0.7228915662650602,0.42857142857142855,0.4,0.36363636363636365
BYU,0.3342391304347826,0.4619289340101523,0.6831955922865014,0.4,0.4523809523809524,0.40594059405940597,0.3462414578587699,0.4495114006514658,0.6912181303116147,0.3684210526315789,0.28,0.35251798561151076
Ball State,0.2631578947368421,0.46296296296296297,0.6363636363636364,0.6,0.42857142857142855,0.3333333333333333,0.4074074074074074,0.4339622641509434,0.631578947368421,0.25,0.0,0.23529411764705882
Baylor,0.3325062034739454,0.41358024691358025,0.6503937007874016,0.3582089552238806,0.4339622641509434,0.33157894736842103,0.3339317773788151,0.4082125603864734,0.5626283367556468,0.3924050632911392,0.3058823529411765,0.3688212927756654
Belmont,0.3263157894736842,0.5,0.7313432835820896,0.4444444444444444,0.26666666666666666,0.6666666666666666,0.35064935064935066,0.4461538461538462,0.6041666666666666,0.2857142857142857,0.0,0.45
Bemidji State,0.14285714285714285,0.14285714285714285,0.375,1.0,0.6666666666666666,0.375,0.3424657534246575,0.3,0.7321428571428571,0.75,0.3333333333333333,0.375
Bethune-Cookman,0.1896551724137931,0.3,0.5483870967741935,0.2,0.125,0.20833333333333334,0.4727272727272727,0.15384615384615385,0.71875,0.6363636363636364,0.3333333333333333,0.20689655172413793
Binghamton,0.4117647058823529,0.3333333333333333,0.6,1.0,0.3333333333333333,0.4,0.5,0.07692307692307693,0.5263157894736842,0.0,0.75,0.42857142857142855
Boise State,0.38492063492063494,0.4197183098591549,0.6511627906976745,0.375,0.4634146341463415,0.2708333333333333,0.34292565947242204,0.408955223880597,0.6516290726817042,0.3392857142857143,0.35185185185185186,0.33480176211453744
Boston College,0.351493848857645,0.4570446735395189,0.6252587991718427,0.44776119402985076,0.35294117647058826,0.3951048951048951,0.35241502683363146,0.36716417910447763,0.6653386454183267,0.5263157894736842,0.41333333333333333,0.34552845528455284
Boston University,0.35714285714285715,0.32857142857142857,0.6481481481481481,0.25,0.3333333333333333,0.24242424242424243,0.3974358974358974,0.603448275862069,0.64,0.16666666666666666,0.45454545454545453,0.48148148148148145
Bowling Green,0.37037037037037035,0.25,0.5714285714285714,0.0,1.0,0.2,0.391304347826087,0.5555555555555556,0.4166666666666667,0.0,0.6666666666666666,0.75
Bradley,0.37333333333333335,0.3515625,0.6861313868613139,0.4444444444444444,0.391304347826087,0.27906976744186046,0.3425414364640884,0.4326923076923077,0.6666666666666666,0.42857142857142855,0.35714285714285715,0.40816326530612246
Brown,0.37254901960784315,0.4375,0.45,0.0,0.14285714285714285,0.2777777777777778,0.37209302325581395,0.4888888888888889,0.6612903225806451,0.0,0.6,0.48148148148148145
Bryant University,0.273972602739726,0.3191489361702128,0.5185185185185185,0.25,0.5,0.3055555555555556,0.47368421052631576,0.5319148936170213,0.7045454545454546,0.4,0.2857142857142857,0.41379310344827586
Bucknell,0.4315068493150685,0.45535714285714285,0.6790123456790124,0.375,0.3,0.45,0.3473684210526316,0.3464566929133858,0.674074074074074,0.42857142857142855,0.0,0.42857142857142855
Buffalo,0.34297520661157027,0.44654088050314467,0.5636363636363636,0.4642857142857143,0.42857142857142855,0.2708333333333333,0.3116883116883117,0.42011834319526625,0.68125,0.45454545454545453,0.375,0.3950617283950617
Butler,0.3389830508474576,0.43958868894601544,0.6940639269406392,0.453125,0.3333333333333333,0.3271375464684015,0.37152209492635024,0.4060324825986079,0.6375,0.5652173913043478,0.31746031746031744,0.3953488372093023
Cal Lutheran,0.4074074074074074,0.5,0.8666666666666667,0.5,0.0,0.3076923076923077,0.4,0.6153846153846154,0.7,0.0,0.0,0.42857142857142855
Cal Poly,0.425,0.21052631578947367,0.45714285714285713,1.0,0.5,0.38461538461538464,0.41379310344827586,0.3333333333333333,0.75,0.0,1.0,0.3333333333333333
Cal State Bakersfield,0.24390243902439024,0.4032258064516129,0.6415094339622641,0.3333333333333333,0.375,0.24390243902439024,0.34285714285714286,0.45161290322580644,0.7457627118644068,0.8571428571428571,0.0,0.2962962962962963
Cal State Fullerton,0.3170731707317073,0.37373737373737376,0.5845070422535211,0.16666666666666666,0.3125,0.36923076923076925,0.359375,0.3153153153153153,0.5666666666666667,0.38461538461538464,0.3333333333333333,0.22950819672131148
Cal State L.A.,0.42424242424242425,0.0,0.375,0.0,0.3333333333333333,0.0,0.3333333333333333,0.125,0.6842105263157895,1.0,0.0,1.0
Cal State Northridge,0.2857142857142857,0.4117647058823529,0.45,0.3333333333333333,0.0,0.3076923076923077,0.6,0.4,0.5806451612903226,0.0,0.0,1.0
California,0.29455445544554454,0.31058823529411766,0.6045694200351494,0.26666666666666666,0.18518518518518517,0.25,0.40939597315436244,0.3871951219512195,0.6673819742489271,0.41935483870967744,0.38271604938271603,0.3372093023255814
Campbell,0.2753623188405797,0.2692307692307692,0.5606060606060606,0.0,0.6666666666666666,0.29411764705882354,0.34285714285714286,0.5277777777777778,0.6507936507936508,0.14285714285714285,0.25,0.11764705882352941
Canisius,0.1956521739130435,0.48484848484848486,0.8695652173913043,0.0,0.6666666666666666,0.125,0.2903225806451613,0.6086956521739131,0.6428571428571429,0.0,0.6666666666666666,0.25
Central Arkansas,0.45454545454545453,0.41,0.6447368421052632,0.7272727272727273,0.3,0.35135135135135137,0.390625,0.42028985507246375,0.7,0.5,0.5,0.3409090909090909
Central Connecticut State,0.3870967741935484,0.3103448275862069,0.5901639344262295,0.4,0.16666666666666666,0.34210526315789475,0.3287671232876712,0.42857142857142855,0.6063829787234043,0.6363636363636364,0.6,0.3333333333333333
Central Michigan,0.3382352941176471,0.3939393939393939,0.5581395348837209,0.16666666666666666,0.6,0.4,0.35135135135135137,0.40540540540540543,0.6415094339622641,0.2222222222222222,0.45454545454545453,0.25
Chaminade University,0.2857142857142857,0.3939393939393939,0.5,0.0,0.0,0.4444444444444444,0.3888888888888889,0.5625,0.7575757575757576,0.625,1.0,0.6363636363636364
Charleston,0.2978723404255319,0.41509433962264153,0.6292134831460674,0.5454545454545454,0.4,0.4230769230769231,0.3673469387755102,0.3770491803278688,0.6951219512195121,0.2857142857142857,0.18181818181818182,0.3076923076923077
Charleston Southern,0.375,0.4189189189189189,0.6571428571428571,0.2,0.36363636363636365,0.27906976744186046,0.3194444444444444,0.5185185185185185,0.7560975609756098,0.5,0.125,0.4074074074074074
Charlotte,0.28125,0.2777777777777778,0.6774193548387096,1.0,0.0,0.0,0.28846153846153844,0.3333333333333333,0.782608695652174,1.0,1.0,0.5
Chattanooga,0.3953488372093023,0.47058823529411764,0.5909090909090909,0.0,1.0,0.4,0.3103448275862069,0.6818181818181818,0.7586206896551724,0.0,0.0,0.1111111111111111
Chicago State,0.21621621621621623,0.2616822429906542,0.5140845070422535,0.4,0.3333333333333333,0.3194444444444444,0.4409937888198758,0.5,0.7241379310344828,0.3125,0.4666666666666667,0.45652173913043476
Cincinnati,0.3659305993690852,0.42745098039215684,0.6490299823633157,0.1794871794871795,0.34782608695652173,0.34050179211469533,0.31699346405228757,0.3207070707070707,0.52,0.26229508196721313,0.32432432432432434,0.3274021352313167
Citadel,0.34210526315789475,0.29545454545454547,0.5333333333333333,0.25,0.4,0.3,0.42528735632183906,0.4146341463414634,0.7395833333333334,0.3076923076923077,0.14285714285714285,0.3181818181818182
Clemson,0.36271186440677966,0.37640449438202245,0.6447105788423154,0.3055555555555556,0.45,0.3761467889908257,0.3642611683848797,0.361323155216285,0.5652173913043478,0.42,0.3,0.3415492957746479
Cleveland State,0.2975206611570248,0.3076923076923077,0.5740740740740741,0.5384615384615384,0.5,0.2857142857142857,0.33620689655172414,0.32142857142857145,0.6984126984126984,0.25,0.35714285714285715,0.34146341463414637
Coastal Carolina,0.42105263157894735,0.24,0.575,0.25,0.0,0.6363636363636364,0.3023255813953488,0.42105263157894735,0.6785714285714286,1.0,0.3333333333333333,0.2777777777777778
Colgate,0.3523809523809524,0.35,0.5185185185185185,0.45454545454545453,0.13333333333333333,0.3548387096774194,0.36666666666666664,0.5666666666666667,0.5614035087719298,0.0,0.4444444444444444,0.41025641025641024
Colorado,0.36285097192224625,0.4098360655737705,0.5610328638497653,0.3333333333333333,0.42857142857142855,0.3684210526315789,0.35687732342007433,0.38315217391304346,0.5807860262008734,0.3157894736842105,0.35714285714285715,0.3558282208588957
Colorado State,0.34012219959266804,0.3486005089058524,0.6358839050131926,0.2857142857142857,0.391304347826087,0.3643724696356275,0.35398230088495575,0.4766355140186916,0.6801075268817204,0.391304347826087,0.3484848484848485,0.3492063492063492
Columbia,0.33695652173913043,0.2765957446808511,0.65,0.4,0.5,0.32432432432432434,0.3218390804597701,0.45454545454545453,0.6379310344827587,0.625,0.125,0.375
Connecticut,0.30988593155893535,0.4332493702770781,0.5842696629213483,0.46153846153846156,0.3235294117647059,0.35060975609756095,0.3617021276595745,0.3792134831460674,0.6097087378640776,0.39622641509433965,0.38666666666666666,0.3489583333333333
Coppin State,0.25510204081632654,0.21818181818181817,0.49230769230769234,0.3333333333333333,0.2903225806451613,0.22413793103448276,0.34234234234234234,0.45569620253164556,0.6129032258064516,0.23529411764705882,0.1111111111111111,0.2
Cornell,0.2765957446808511,0.4727272727272727,0.48,0.15384615384615385,0.5,0.21052631578947367,0.41509433962264153,0.4107142857142857,0.6666666666666666,0.0,0.1111111111111111,0.4
Creighton,0.36363636363636365,0.47266881028938906,0.725328947368421,0.4473684210526316,0.38823529411764707,0.3684210526315789,0.3343465045592705,0.4232456140350877,0.6268115942028986,0.2903225806451613,0.3442622950819672,0.36212624584717606
Dartmouth,0.44680851063829785,0.3333333333333333,0.6785714285714286,0.6666666666666666,0.25,0.5333333333333333,0.42857142857142855,0.6818181818181818,0.7647058823529411,0.5714285714285714,0.25,0.375
Davidson,0.39078498293515357,0.4671814671814672,0.6530054644808743,0.4406779661016949,0.4375,0.3157894736842105,0.34177215189873417,0.4342105263157895,0.6494252873563219,0.46,0.3888888888888889,0.36538461538461536
Dayton,0.34615384615384615,0.4011299435028249,0.7094240837696335,0.4,0.3148148148148148,0.3055555555555556,0.40331491712707185,0.4642857142857143,0.6590909090909091,0.3684210526315789,0.2391304347826087,0.35
DePaul,0.3147410358565737,0.3840749414519906,0.6259541984732825,0.3137254901960784,0.3269230769230769,0.37992831541218636,0.3595317725752508,0.4322916666666667,0.6393034825870647,0.47692307692307695,0.4166666666666667,0.3300970873786408
Delaware,0.2826086956521739,0.5,0.5869565217391305,0.0,0.42857142857142855,0.4117647058823529,0.30158730158730157,0.4838709677419355,0.8125,0.6666666666666666,0.5,0.42105263157894735
Delaware State,0.21428571428571427,0.45454545454545453,0.8181818181818182,0.0,1.0,0.3076923076923077,0.1875,0.5,0.6666666666666666,0.0,0.3333333333333333,0.36363636363636365
Denver,0.2916666666666667,0.41818181818181815,0.6304347826086957,0.14285714285714285,0.6,0.2727272727272727,0.49122807017543857,0.40816326530612246,0.6756756756756757,0.3333333333333333,0.125,0.5882352941176471
Detroit,0.34782608695652173,0.31666666666666665,0.64,0.0,0.25,0.4166666666666667,0.5,0.4782608695652174,0.7325581395348837,0.0,0.38461538461538464,0.2
Drake,0.3516949152542373,0.39655172413793105,0.6363636363636364,0.3076923076923077,0.27586206896551724,0.3490566037735849,0.3212669683257919,0.4523809523809524,0.6836158192090396,0.3333333333333333,0.3333333333333333,0.4
Drexel,0.2826086956521739,0.3793103448275862,0.5957446808510638,0.0,0.125,0.13333333333333333,0.30612244897959184,0.0967741935483871,0.5692307692307692,0.6,0.25,0.37037037037037035
Duke,0.36728395061728397,0.4309090909090909,0.7034574468085106,0.3787878787878788,0.3893805309734513,0.33121019108280253,0.30484330484330485,0.35181644359464626,0.5913818722139673,0.3333333333333333,0.43956043956043955,0.32550335570469796
Duquesne,0.3137254901960784,0.43455497382198954,0.6150442477876106,0.4666666666666667,0.4375,0.3373493975903614,0.3870967741935484,0.35294117647058826,0.6704545454545454,0.391304347826087,0.1935483870967742,0.4230769230769231
East Carolina,0.30029154518950435,0.4160839160839161,0.6334519572953736,0.43902439024390244,0.4375,0.37267080745341613,0.366120218579235,0.43478260869565216,0.6666666666666666,0.5,0.5294117647058824,0.389937106918239
East Tennessee State,0.25842696629213485,0.4307692307692308,0.59,0.4444444444444444,0.5,0.1935483870967742,0.29523809523809524,0.391304347826087,0.6527777777777778,0.3333333333333333,0.25,0.35714285714285715
Eastern Illinois,0.3469387755102041,0.4909090909090909,0.75,0.5555555555555556,0.0,0.391304347826087,0.40384615384615385,0.40425531914893614,0.5405405405405406,0.5,0.6,0.3076923076923077
Eastern Kentucky,0.3125,0.5,0.5789473684210527,1.0,0.5,0.375,0.42857142857142855,0.4,0.72,0.0,0.3333333333333333,0.5
Eastern Michigan,0.3103448275862069,0.2653061224489796,0.6029411764705882,0.5714285714285714,0.42857142857142855,0.3448275862068966,0.4520547945205479,0.32653061224489793,0.5357142857142857,0.7142857142857143,0.14285714285714285,0.34615384615384615
Eastern Oregon,0.23076923076923078,0.35714285714285715,0.6875,0.0,0.0,0.4666666666666667,0.52,0.6666666666666666,0.5882352941176471,0.3333333333333333,0.5,0.3333333333333333
Eastern Washington,0.41904761904761906,0.42452830188679247,0.6019417475728155,0.4375,0.47368421052631576,0.3333333333333333,0.3465346534653465,0.44,0.6323529411764706,0.18181818181818182,0.6666666666666666,0.36
Elon,0.3516483516483517,0.36585365853658536,0.7666666666666667,0.2,0.6666666666666666,0.35294117647058826,0.38235294117647056,0.47058823529411764,0.7254901960784313,0.5,0.2,0.42105263157894735
Emporia State,0.3684210526315789,0.7857142857142857,0.375,0.0,0.0,0.07692307692307693,0.11764705882352941,0.5333333333333333,0.8666666666666667,0.0,0.0,0.0
Evansville,0.38571428571428573,0.43333333333333335,0.5878378378378378,0.375,0.35294117647058826,0.3274336283185841,0.34763948497854075,0.3798449612403101,0.7086092715231788,0.2916666666666667,0.5,0.3333333333333333
Fairfield,0.38461538461538464,0.3333333333333333,0.5714285714285714,0.3333333333333333,0.23076923076923078,0.3888888888888889,0.3670886075949367,0.4,0.5754716981132075,0.6666666666666666,0.4,0.2857142857142857
Fairleigh Dickinson,0.34579439252336447,0.3939393939393939,0.52,0.0,0.3076923076923077,0.28125,0.3854166666666667,0.4027777777777778,0.7478991596638656,0.17647058823529413,0.3333333333333333,0.3076923076923077
Florida,0.3645533141210375,0.3634361233480176,0.6383399209486166,0.4406779661016949,0.325,0.37358490566037733,0.3441441441441441,0.3870967741935484,0.6082089552238806,0.40540540540540543,0.3793103448275862,0.3162393162393162
Florida A&M,0.32727272727272727,0.38461538461538464,0.5070422535211268,0.5,0.6666666666666666,0.23333333333333334,0.3793103448275862,0.29411764705882354,0.6611570247933884,0.3333333333333333,0.0,0.23529411764705882
Florida Atlantic,0.2641509433962264,0.45454545454545453,0.4583333333333333,0.6,0.6,0.2972972972972973,0.5087719298245614,0.5227272727272727,0.625,0.16666666666666666,0.14285714285714285,0.5925925925925926
Florida Gulf Coast,0.4621212121212121,0.4090909090909091,0.6170212765957447,0.6470588235294118,0.5,0.5384615384615384,0.373134328358209,0.31343283582089554,0.6814159292035398,0.3888888888888889,0.4230769230769231,0.5416666666666666
Florida International,0.25806451612903225,0.41935483870967744,0.7037037037037037,0.25,0.0,0.25,0.32432432432432434,0.55,0.7142857142857143,0.6,0.25,0.25
Florida State,0.332657200811359,0.391304347826087,0.6454005934718101,0.42574257425742573,0.26436781609195403,0.36645962732919257,0.3559928443649374,0.38242894056847543,0.5501730103806228,0.375,0.375,0.37037037037037035
Fordham,0.3148936170212766,0.3490566037735849,0.6333333333333333,0.3448275862068966,0.41379310344827586,0.3235294117647059,0.3614457831325301,0.4482758620689655,0.6299559471365639,0.2413793103448276,0.42857142857142855,0.375
Fresno State,0.36728395061728397,0.489247311827957,0.6189111747851003,0.47368421052631576,0.4117647058823529,0.37815126050420167,0.34285714285714286,0.40809968847352024,0.6357615894039735,0.4827586206896552,0.39473684210526316,0.31333333333333335
Furman,0.30578512396694213,0.5357142857142857,0.5263157894736842,0.0,0.14285714285714285,0.4,0.34177215189873417,0.5263157894736842,0.7397260273972602,0.2,0.4,0.2727272727272727
Gardner-Webb,0.29896907216494845,0.2882882882882883,0.5688073394495413,0.3333333333333333,0.375,0.29411764705882354,0.376,0.44,0.6767676767676768,0.4666666666666667,0.38461538461538464,0.36666666666666664
George Mason,0.31086142322097376,0.350253807106599,0.5728155339805825,0.3142857142857143,0.23684210526315788,0.39669421487603307,0.3814102564102564,0.4423963133640553,0.6377358490566037,0.32142857142857145,0.4,0.3368421052631579
George Washington,0.296137339055794,0.39826839826839827,0.6136363636363636,0.45,0.35714285714285715,0.43005181347150256,0.33098591549295775,0.3967391304347826,0.6378378378378379,0.5454545454545454,0.42424242424242425,0.37349397590361444
Georgetown,0.3683127572016461,0.43073047858942065,0.6361607142857143,0.24489795918367346,0.390625,0.377431906614786,0.3372093023255814,0.3819628647214854,0.6585903083700441,0.46,0.42857142857142855,0.4063745019920319
Georgia,0.3352272727272727,0.42162162162162165,0.5573394495412844,0.16666666666666666,0.34615384615384615,0.3822525597269625,0.34205933682373474,0.35714285714285715,0.5711340206185567,0.358974358974359,0.29508196721311475,0.25333333333333335
Georgia Southern,0.2857142857142857,0.3548387096774194,0.7142857142857143,0.0,0.5,0.4117647058823529,0.4032258064516129,0.3333333333333333,0.5,0.25,0.75,0.2777777777777778
Georgia State,0.4027777777777778,0.4418604651162791,0.6481481481481481,0.2222222222222222,0.3333333333333333,0.3793103448275862,0.21951219512195122,0.32653061224489793,0.6511627906976745,0.1,0.3076923076923077,0.45
Georgia Tech,0.29721362229102166,0.36827195467422097,0.6182669789227166,0.46153846153846156,0.3076923076923077,0.32916666666666666,0.3830409356725146,0.396969696969697,0.6048780487804878,0.47368421052631576,0.3064516129032258,0.31862745098039214
Gonzaga,0.36518324607329844,0.4840085287846482,0.6971830985915493,0.4225352112676056,0.36538461538461536,0.39893617021276595,0.3408408408408408,0.3754716981132076,0.5538720538720538,0.4230769230769231,0.3898305084745763,0.32234432234432236
Grand Canyon,0.23893805309734514,0.35802469135802467,0.5841584158415841,0.0,0.6,0.37254901960784315,0.27058823529411763,0.573170731707317,0.5531914893617021,0.21052631578947367,0.3076923076923077,0.22916666666666666
Green Bay,0.4507042253521127,0.40350877192982454,0.6176470588235294,0.4,0.38461538461538464,0.4090909090909091,0.3548387096774194,0.5384615384615384,0.6891891891891891,0.2,0.5714285714285714,0.5
Hampton,0.27848101265822783,0.4025974025974026,0.5319148936170213,0.5,0.5,0.23404255319148937,0.3246753246753247,0.45614035087719296,0.6078431372549019,0.25,0.5,0.38461538461538464
Hartford,0.30434782608695654,0.2,0.7608695652173914,0.6,0.0,0.5,0.3466666666666667,0.44680851063829785,0.7391304347826086,0.3333333333333333,0.5,0.3225806451612903
Harvard,0.3333333333333333,0.39090909090909093,0.651685393258427,0.26666666666666666,0.25,0.30434782608695654,0.3592233009708738,0.41904761904761906,0.6052631578947368,0.07692307692307693,0.2,0.27906976744186046
Hawaii,0.26136363636363635,0.44285714285714284,0.696969696969697,0.16666666666666666,0.25,0.425531914893617,0.37777777777777777,0.4605263157894737,0.6716417910447762,0.16666666666666666,0.25,0.36363636363636365
High Point,0.13636363636363635,0.28,0.5106382978723404,0.75,0.0,0.45,0.4375,0.21428571428571427,0.6875,0.3333333333333333,0.0,0.4
Hofstra,0.39,0.4,0.6,0.16666666666666666,0.4444444444444444,0.43137254901960786,0.3944954128440367,0.41818181818181815,0.6956521739130435,0.4,0.4444444444444444,0.39473684210526316
Holy Cross,0.5,0.7058823529411765,0.6153846153846154,0.0,0.3333333333333333,0.375,0.30612244897959184,0.4,0.6666666666666666,0.5,0.0,0.4166666666666667
Houston,0.35670103092783506,0.3695652173913043,0.6415094339622641,0.425531914893617,0.48,0.4517241379310345,0.3141592920353982,0.39490445859872614,0.5546448087431693,0.34375,0.38636363636363635,0.2905982905982906
Houston Baptist,0.20588235294117646,0.24528301886792453,0.5714285714285714,0.0,0.25,0.36363636363636365,0.5454545454545454,0.6222222222222222,0.7647058823529411,0.5,0.36363636363636365,0.4444444444444444
Howard,0.36046511627906974,0.26,0.6111111111111112,0.46153846153846156,0.2222222222222222,0.3333333333333333,0.4155844155844156,0.5344827586206896,0.75,0.5,0.5,0.35714285714285715
IPFW,0.36231884057971014,0.5135135135135135,0.5909090909090909,0.5555555555555556,0.7777777777777778,0.16666666666666666,0.3469387755102041,0.5454545454545454,0.6730769230769231,0.3333333333333333,0.5,0.4
IUPUI,0.2647058823529412,0.4090909090909091,0.47692307692307695,0.125,0.5833333333333334,0.3333333333333333,0.352112676056338,0.627906976744186,0.796875,0.2222222222222222,0.4,0.45454545454545453
Idaho,0.2765957446808511,0.4375,0.64,0.0,0.0,0.4375,0.4722222222222222,0.5217391304347826,0.875,0.0,0.25,0.3
Idaho State,0.34782608695652173,0.45,0.5833333333333334,0.0,0.0,0.5,0.2962962962962963,0.7272727272727273,0.7222222222222222,0.5,0.0,0.6666666666666666
Illinois,0.31211498973305957,0.41044776119402987,0.6273291925465838,0.375,0.4177215189873418,0.36554621848739494,0.3301204819277108,0.4542857142857143,0.6695095948827292,0.41509433962264153,0.38961038961038963,0.3950617283950617
Illinois State,0.3444730077120823,0.36764705882352944,0.6755725190839694,0.36363636363636365,0.34375,0.32407407407407407,0.3333333333333333,0.37104072398190047,0.6455696202531646,0.2,0.30434782608695654,0.37272727272727274
Illinois-Chicago,0.2191780821917808,0.34146341463414637,0.5365853658536586,0.8,0.3,0.34615384615384615,0.22077922077922077,0.4090909090909091,0.6938775510204082,0.4,0.2,0.5192307692307693
Incarnate Word,0.4074074074074074,0.4857142857142857,0.42857142857142855,1.0,0.5,0.4444444444444444,0.28846153846153844,0.7,0.675,0.3333333333333333,0.5,0.0
Indiana,0.3264887063655031,0.44837758112094395,0.6179775280898876,0.1891891891891892,0.42592592592592593,0.30538922155688625,0.37449392712550605,0.3955431754874652,0.6086065573770492,0.34782608695652173,0.4383561643835616,0.3508771929824561
Indiana State,0.34411764705882353,0.33783783783783783,0.6373056994818653,0.42424242424242425,0.41935483870967744,0.2857142857142857,0.34074074074074073,0.4298642533936652,0.6777251184834123,0.47058823529411764,0.36,0.27102803738317754
Indianapolis,0.38095238095238093,0.3333333333333333,0.625,0.0,0.0,0.6666666666666666,0.0,0.0,0.0,0.0,0.0,0.0
Iona,0.2975206611570248,0.32857142857142857,0.6022727272727273,0.5,0.3333333333333333,0.42857142857142855,0.35185185185185186,0.3181818181818182,0.6171875,0.2222222222222222,0.1111111111111111,0.3783783783783784
Iowa,0.37109375,0.4582043343653251,0.6561338289962825,0.48148148148148145,0.27586206896551724,0.37919463087248323,0.38697318007662834,0.4098360655737705,0.6188034188034188,0.3698630136986301,0.375,0.38202247191011235
Iowa State,0.3671497584541063,0.3834355828220859,0.6052631578947368,0.34146341463414637,0.37142857142857144,0.38372093023255816,0.3435114503816794,0.4327485380116959,0.664367816091954,0.421875,0.34782608695652173,0.3142857142857143
Jackson State,0.23809523809523808,0.3,0.375,0.0,0.5,0.2727272727272727,0.39285714285714285,0.5714285714285714,0.7333333333333333,0.0,0.0,0.0
Jacksonville,0.37142857142857144,0.2835820895522388,0.648936170212766,0.3333333333333333,0.25,0.40425531914893614,0.37142857142857144,0.5853658536585366,0.6407766990291263,0.25,0.14285714285714285,0.1935483870967742
Jacksonville State,0.3333333333333333,0.5,0.6037735849056604,0.5,0.0,0.32142857142857145,0.3958333333333333,0.43478260869565216,0.6896551724137931,0.3333333333333333,0.6,0.42857142857142855
James Madison,0.3829787234042553,0.17142857142857143,0.5571428571428572,0.6,0.2857142857142857,0.2,0.3333333333333333,0.358974358974359,0.47619047619047616,0.4,0.375,0.4666666666666667
Kansas,0.3896276595744681,0.45662100456621,0.6578947368421053,0.39215686274509803,0.4830508474576271,0.38341968911917096,0.3341902313624679,0.38095238095238093,0.6376360808709176,0.3333333333333333,0.3225806451612903,0.35714285714285715
Kansas State,0.32786885245901637,0.44625407166123776,0.6433260393873085,0.37735849056603776,0.26136363636363635,0.38095238095238093,0.3080082135523614,0.3956386292834891,0.6488888888888888,0.4339622641509434,0.42028985507246375,0.3423913043478261
Kennesaw State,0.3493975903614458,0.391304347826087,0.6301369863013698,0.6,0.36363636363636365,0.28125,0.32432432432432434,0.47058823529411764,0.7419354838709677,0.16666666666666666,0.5,0.38095238095238093
Kent State,0.2875,0.42028985507246375,0.43333333333333335,0.3333333333333333,0.6666666666666666,0.38095238095238093,0.3384615384615385,0.4090909090909091,0.5802469135802469,0.42857142857142855,0.6,0.23333333333333334
Kentucky,0.3490566037735849,0.42513863216266173,0.6763803680981595,0.5151515151515151,0.37209302325581395,0.34574468085106386,0.28872366790582404,0.42437923250564336,0.5878378378378378,0.37681159420289856,0.358974358974359,0.328
LIU Brooklyn,0.34177215189873417,0.3611111111111111,0.6447368421052632,0.25,0.5,0.3,0.2698412698412698,0.29411764705882354,0.5287356321839081,0.1,0.3333333333333333,0.34782608695652173
LSU,0.3473451327433628,0.41605839416058393,0.6206896551724138,0.39285714285714285,0.37142857142857144,0.375,0.3240343347639485,0.4247104247104247,0.6894865525672371,0.4423076923076923,0.44642857142857145,0.38071065989847713
La Salle,0.2777777777777778,0.3670886075949367,0.657608695652174,0.41935483870967744,0.3,0.3559322033898305,0.416289592760181,0.4620253164556962,0.6030927835051546,0.25,0.3076923076923077,0.41509433962264153
La Verne,0.42857142857142855,0.5,0.3333333333333333,0.0,0.0,0.4,0.35714285714285715,0.7727272727272727,0.9090909090909091,0.0,0.0,1.0
Lafayette,0.421875,0.4307692307692308,0.5740740740740741,0.25,0.4375,0.35714285714285715,0.5362318840579711,0.45454545454545453,0.6835443037974683,0.36363636363636365,0.42857142857142855,0.3333333333333333
Lamar,0.125,0.47058823529411764,0.6923076923076923,0.3333333333333333,0.0,0.4,0.35714285714285715,0.5,0.75,0.0,0.0,0.4444444444444444
Lehigh,0.35064935064935066,0.40350877192982454,0.5833333333333334,0.2857142857142857,0.3333333333333333,0.375,0.44776119402985076,0.4166666666666667,0.75,0.2,0.3333333333333333,0.2916666666666667
Liberty,0.35135135135135137,0.576271186440678,0.546875,0.45454545454545453,0.1111111111111111,0.3793103448275862,0.24,0.4050632911392405,0.5932203389830508,0.5833333333333334,0.625,0.22857142857142856
Lipscomb,0.3375796178343949,0.3611111111111111,0.6476190476190476,0.6923076923076923,0.25,0.3611111111111111,0.38311688311688313,0.5204081632653061,0.693069306930693,0.14285714285714285,0.2727272727272727,0.3269230769230769
Long Beach State,0.304,0.32954545454545453,0.5817307692307693,0.5454545454545454,0.3888888888888889,0.3246753246753247,0.33125,0.42857142857142855,0.6255707762557078,0.25,0.55,0.3958333333333333
Longwood,0.36666666666666664,0.24489795918367346,0.5645161290322581,0.6666666666666666,0.14285714285714285,0.2857142857142857,0.25925925925925924,0.29411764705882354,0.6419753086419753,0.7777777777777778,0.2727272727272727,0.37037037037037035
Louisiana Tech,0.26548672566371684,0.43859649122807015,0.5588235294117647,0.2777777777777778,0.5,0.36585365853658536,0.3013698630136986,0.2916666666666667,0.6846846846846847,0.3333333333333333,0.3333333333333333,0.22580645161290322
Louisiana-Lafayette,0.25757575757575757,0.4909090909090909,0.6349206349206349,0.2727272727272727,0.4117647058823529,0.38461538461538464,0.288135593220339,0.3333333333333333,0.640625,1.0,0.375,0.5
Louisiana-Monroe,0.4235294117647059,0.32653061224489793,0.45,0.14285714285714285,0.5,0.3333333333333333,0.3225806451612903,0.3333333333333333,0.6710526315789473,0.5,0.2857142857142857,0.24
Louisville,0.37163375224416517,0.4080188679245283,0.6418918918918919,0.30612244897959184,0.3764705882352941,0.3448275862068966,0.34234234234234234,0.32598039215686275,0.5502873563218391,0.25,0.373134328358209,0.3722943722943723
Loyola (IL),0.3841642228739003,0.4805194805194805,0.6703296703296703,0.4375,0.42424242424242425,0.375,0.30512820512820515,0.3914590747330961,0.6204620462046204,0.3611111111111111,0.3684210526315789,0.3236994219653179
Loyola (MD),0.27906976744186046,0.5294117647058824,0.6440677966101694,0.6,0.26666666666666666,0.3958333333333333,0.38926174496644295,0.42857142857142855,0.7375,0.07142857142857142,0.36363636363636365,0.32432432432432434
Loyola Marymount,0.35435435435435436,0.37786259541984735,0.6082474226804123,0.3684210526315789,0.20833333333333334,0.36875,0.40412979351032446,0.5373831775700935,0.6809815950920245,0.3055555555555556,0.47058823529411764,0.3333333333333333
Maine,0.23529411764705882,0.4,0.5483870967741935,0.6666666666666666,0.4,0.3076923076923077,0.28125,0.55,0.6382978723404256,0.0,0.5,0.0
Manhattan,0.35714285714285715,0.4,0.56,0.2,0.5,0.2,0.35294117647058826,0.4444444444444444,0.525,0.0,0.0,0.25
Marist,0.29577464788732394,0.4888888888888889,0.5423728813559322,0.6666666666666666,0.2857142857142857,0.2857142857142857,0.26506024096385544,0.4909090909090909,0.5915492957746479,0.5555555555555556,0.3125,0.3333333333333333
Marquette,0.39176829268292684,0.45047169811320753,0.6017316017316018,0.5283018867924528,0.48672566371681414,0.4382716049382716,0.3528225806451613,0.45964125560538116,0.6653919694072657,0.3584905660377358,0.45,0.3684210526315789
Marshall,0.36470588235294116,0.37037037037037035,0.5748031496062992,0.45454545454545453,0.34782608695652173,0.40816326530612246,0.3096774193548387,0.4298245614035088,0.5987654320987654,0.4444444444444444,0.4166666666666667,0.3230769230769231
Maryland,0.3563714902807775,0.41160949868073876,0.6979591836734694,0.35294117647058826,0.5208333333333334,0.36585365853658536,0.3368055555555556,0.4031413612565445,0.5770171149144254,0.38235294117647056,0.42857142857142855,0.36742424242424243
Maryland-Eastern Shore,0.1917808219178082,0.3484848484848485,0.5,0.25,0.4,0.36363636363636365,0.4605263157894737,0.5625,0.78,0.6153846153846154,0.5714285714285714,0.24
Massachusetts,0.40350877192982454,0.35172413793103446,0.6036269430051814,0.425,0.3380281690140845,0.3482142857142857,0.34210526315789475,0.3784860557768924,0.6465324384787472,0.2903225806451613,0.4166666666666667,0.3959731543624161
Massachusetts Lowell,0.3055555555555556,0.391304347826087,0.6363636363636364,0.5,0.5,0.3,0.2692307692307692,0.2727272727272727,0.7068965517241379,0.0,0.8,0.4
McNeese State,0.42857142857142855,0.5714285714285714,0.6666666666666666,0.25,0.3333333333333333,0.4,0.2222222222222222,0.0,0.6571428571428571,0.3333333333333333,0.5,0.2857142857142857
Memphis,0.30714285714285716,0.44686648501362397,0.6417582417582418,0.3548387096774194,0.35714285714285715,0.3381294964028777,0.36750483558994196,0.36875,0.6032482598607889,0.4489795918367347,0.45714285714285713,0.3212121212121212
Mercer,0.3484848484848485,0.4864864864864865,0.7037037037037037,0.25,0.5,0.26666666666666666,0.18309859154929578,0.5,0.7272727272727273,0.75,0.2222222222222222,0.5555555555555556
Miami (FL),0.3580705009276438,0.38954869358669836,0.6914498141263941,0.3142857142857143,0.4406779661016949,0.31952662721893493,0.32669322709163345,0.3516483516483517,0.6417910447761194,0.3968253968253968,0.3333333333333333,0.3645320197044335
Miami (OH),0.3305785123966942,0.38095238095238093,0.5945945945945946,0.16666666666666666,0.16666666666666666,0.2894736842105263,0.31521739130434784,0.5,0.6582278481012658,0.1111111111111111,0.5,0.34782608695652173
Michigan,0.3268698060941828,0.4389027431421446,0.6801736613603473,0.5225225225225225,0.3709677419354839,0.2823529411764706,0.327683615819209,0.390625,0.6173020527859238,0.2916666666666667,0.38235294117647056,0.27106227106227104
Michigan State,0.4045936395759717,0.45145631067961167,0.7215909090909091,0.3958333333333333,0.41509433962264153,0.3963963963963964,0.3353566009104704,0.3358070500927644,0.4909819639278557,0.2972972972972973,0.3888888888888889,0.2996845425867508
Middle Tennessee,0.373134328358209,0.4,0.6625,0.4166666666666667,0.5357142857142857,0.32558139534883723,0.34265734265734266,0.40425531914893614,0.6846153846153846,0.3684210526315789,0.45454545454545453,0.4489795918367347
Milwaukee,0.20454545454545456,0.45,0.5925925925925926,0.0,0.6666666666666666,0.4722222222222222,0.3584905660377358,0.42,0.7142857142857143,0.8333333333333334,0.3333333333333333,0.23333333333333334
Minnesota,0.34608030592734224,0.3693877551020408,0.6514851485148515,0.23684210526315788,0.40476190476190477,0.3125,0.3631578947368421,0.3984375,0.6710816777041942,0.4666666666666667,0.42028985507246375,0.3014705882352941
Mississippi State,0.33052631578947367,0.4401114206128134,0.6818181818181818,0.2857142857142857,0.2857142857142857,0.36627906976744184,0.3352941176470588,0.41975308641975306,0.6394366197183099,0.3,0.358974358974359,0.3212121212121212
Missouri,0.36942675159235666,0.4198717948717949,0.6096491228070176,0.47191011235955055,0.4032258064516129,0.35064935064935066,0.32033898305084746,0.3946731234866828,0.6138211382113821,0.46153846153846156,0.3114754098360656,0.28523489932885904
Missouri State,0.3175182481751825,0.425531914893617,0.6774193548387096,0.2857142857142857,0.4411764705882353,0.36585365853658536,0.36904761904761907,0.3738738738738739,0.6432748538011696,0.3333333333333333,0.3181818181818182,0.37168141592920356
Missouri-St. Louis,0.2631578947368421,0.29411764705882354,0.75,1.0,0.0,0.25,0.35714285714285715,0.5454545454545454,0.875,0.0,0.0,0.16666666666666666
Monmouth,0.3522727272727273,0.3582089552238806,0.5921052631578947,0.3333333333333333,0.25,0.35,0.3191489361702128,0.4666666666666667,0.7910447761194029,0.375,0.3076923076923077,0.3090909090909091
Montana,0.2903225806451613,0.43119266055045874,0.582089552238806,0.5,0.5,0.2602739726027397,0.4074074074074074,0.424,0.6262626262626263,0.3333333333333333,0.4666666666666667,0.42857142857142855
Morehead State,0.29545454545454547,0.2857142857142857,0.44,0.5,0.5,0.2608695652173913,0.47058823529411764,0.75,0.7608695652173914,0.2857142857142857,0.6666666666666666,0.25
Morgan State,0.2647058823529412,0.23076923076923078,0.6545454545454545,0.5,0.6666666666666666,0.46153846153846156,0.27906976744186046,0.47058823529411764,0.7962962962962963,0.0,0.0,0.39285714285714285
Mount St. Mary's,0.3305785123966942,0.46551724137931033,0.5873015873015873,0.125,0.4375,0.32,0.3924050632911392,0.5487804878048781,0.6705882352941176,0.3333333333333333,0.4166666666666667,0.36
Murray State,0.3548387096774194,0.38636363636363635,0.6,0.16666666666666666,0.25,0.27586206896551724,0.29069767441860467,0.3389830508474576,0.5945945945945946,0.3,0.4,0.2631578947368421
N.J.I.T.,0.29,0.3617021276595745,0.5753424657534246,0.0,0.4,0.2413793103448276,0.45348837209302323,0.45454545454545453,0.7012987012987013,0.14285714285714285,0.36363636363636365,0.35714285714285715
Navy,0.35,0.2894736842105263,0.6041666666666666,0.6666666666666666,0.2,0.2,0.43137254901960786,0.6571428571428571,0.6666666666666666,0.25,0.0,0.4166666666666667
Nebraska,0.3387096774193548,0.3869047619047619,0.5930735930735931,0.45098039215686275,0.3333333333333333,0.42424242424242425,0.3269230769230769,0.35279187817258884,0.6028622540250447,0.35135135135135137,0.18867924528301888,0.3556701030927835
Nebraska-Omaha,0.37410071942446044,0.3157894736842105,0.5740740740740741,0.2,0.23076923076923078,0.37209302325581395,0.3939393939393939,0.4523809523809524,0.6875,0.5,0.35714285714285715,0.5
Nevada,0.3779411764705882,0.4166666666666667,0.698076923076923,0.453125,0.46153846153846156,0.3576158940397351,0.32111436950146627,0.4462474645030426,0.6269230769230769,0.3389830508474576,0.2857142857142857,0.36885245901639346
New Hampshire,0.375,0.2222222222222222,0.55,0.2,0.3333333333333333,0.3,0.1935483870967742,0.21052631578947367,0.68,0.6666666666666666,0.0,0.4583333333333333
New Mexico,0.3643724696356275,0.3936651583710407,0.6327543424317618,0.4186046511627907,0.42857142857142855,0.3793103448275862,0.4,0.38,0.6576923076923077,0.3170731707317073,0.5370370370370371,0.4188034188034188
New Mexico State,0.3776595744680851,0.3933333333333333,0.6457142857142857,0.47368421052631576,0.2727272727272727,0.2289156626506024,0.32515337423312884,0.41911764705882354,0.6013513513513513,0.4,0.5625,0.43157894736842106
New Orleans,0.38461538461538464,0.5,0.6060606060606061,0.0,1.0,0.34782608695652173,0.5128205128205128,0.37735849056603776,0.6842105263157895,0.6,0.21428571428571427,0.4444444444444444
Niagara,0.3333333333333333,0.2,0.5833333333333334,0.0,0.0,0.3,0.5263157894736842,0.3333333333333333,0.625,0.5,0.25,0.5
Nicholls State,0.32432432432432434,0.3333333333333333,0.35555555555555557,0.5,0.4,0.3157894736842105,0.34285714285714286,0.2,0.7407407407407407,0.5,0.0,0.5384615384615384
Norfolk State,0.39622641509433965,0.42424242424242425,0.5510204081632653,1.0,0.4,0.23529411764705882,0.4473684210526316,0.5333333333333333,0.7419354838709677,0.4,0.6,0.42105263157894735
North Carolina,0.35956580732700133,0.40594059405940597,0.6502659574468085,0.35294117647058826,0.3870967741935484,0.33766233766233766,0.3662551440329218,0.36381709741550694,0.5975609756097561,0.3939393939393939,0.4732142857142857,0.3107142857142857
North Carolina A&T,0.3018867924528302,0.40625,0.6037735849056604,0.3,0.3333333333333333,0.34,0.2911392405063291,0.5,0.6666666666666666,0.38461538461538464,0.5,0.26
North Carolina Central,0.24324324324324326,0.42028985507246375,0.5614035087719298,0.2857142857142857,0.125,0.21739130434782608,0.25274725274725274,0.4318181818181818,0.4631578947368421,0.3076923076923077,0.2222222222222222,0.29411764705882354
North Carolina State,0.35655737704918034,0.43291139240506327,0.6090225563909775,0.49122807017543857,0.5166666666666667,0.38190954773869346,0.2997601918465228,0.4425287356321839,0.6733668341708543,0.29545454545454547,0.3389830508474576,0.3248730964467005
North Carolina-Wilmington,0.42857142857142855,0.3333333333333333,0.5277777777777778,0.0,0.2,0.32,0.41509433962264153,0.2857142857142857,0.696969696969697,0.75,0.0,0.5
North Dakota,0.35365853658536583,0.40350877192982454,0.6363636363636364,0.16666666666666666,0.6666666666666666,0.3,0.3717948717948718,0.38095238095238093,0.6862745098039216,1.0,0.3333333333333333,0.40476190476190477
North Dakota State,0.3114754098360656,0.4262295081967213,0.6862745098039216,0.3333333333333333,0.5,0.25806451612903225,0.3404255319148936,0.4375,0.7432432432432432,0.25,0.6,0.48936170212765956
North Florida,0.34054054054054056,0.4198473282442748,0.5132743362831859,0.35714285714285715,0.5384615384615384,0.325,0.36666666666666664,0.48226950354609927,0.6635514018691588,0.2916666666666667,0.2631578947368421,0.47692307692307695
North Georgia,0.3076923076923077,0.36363636363636365,1.0,0.0,0.0,0.5,0.46153846153846156,0.5757575757575758,0.5714285714285714,0.0,0.5,0.2
North Texas,0.2926829268292683,0.3953488372093023,0.6382978723404256,0.5,0.4230769230769231,0.23684210526315788,0.30718954248366015,0.4444444444444444,0.5596330275229358,0.5384615384615384,0.5757575757575758,0.375
Northeastern,0.37735849056603776,0.32432432432432434,0.6382978723404256,0.6363636363636364,0.05263157894736842,0.35,0.3384615384615385,0.3275862068965517,0.5775862068965517,0.0,0.2,0.3333333333333333
Northern Arizona,0.2,0.32142857142857145,0.6,1.0,0.6,0.2777777777777778,0.42424242424242425,0.5,0.7714285714285715,0.625,0.25,0.5333333333333333
Northern Colorado,0.35294117647058826,0.4774774774774775,0.65,0.4,0.42105263157894735,0.4489795918367347,0.2926829268292683,0.45251396648044695,0.6233766233766234,0.5714285714285714,0.45454545454545453,0.22058823529411764
Northern Illinois,0.40540540540540543,0.37037037037037035,0.5370370370370371,0.3333333333333333,0.5,0.2692307692307692,0.3230769230769231,0.45161290322580644,0.5423728813559322,0.5,0.4444444444444444,0.4666666666666667
Northern Iowa,0.307909604519774,0.38645418326693226,0.6666666666666666,0.47619047619047616,0.28125,0.3741496598639456,0.3515850144092219,0.43478260869565216,0.6098484848484849,0.4722222222222222,0.2857142857142857,0.29605263157894735
Northern Kentucky,0.20454545454545456,0.4,0.6136363636363636,0.5,0.2,0.16666666666666666,0.19444444444444445,0.26666666666666666,0.6444444444444445,0.42857142857142855,0.5,0.45454545454545453
Northwestern,0.35283363802559414,0.4230769230769231,0.6203966005665722,0.35,0.36507936507936506,0.33840304182509506,0.34623217922606925,0.3870967741935484,0.6886543535620053,0.3829787234042553,0.44642857142857145,0.3288888888888889
Northwestern State,0.3111111111111111,0.3387096774193548,0.5319148936170213,0.3333333333333333,0.3,0.34782608695652173,0.3880597014925373,0.425,0.7419354838709677,0.15384615384615385,0.5,0.5384615384615384
Notre Dame,0.3676923076923077,0.44552058111380144,0.6263940520446096,0.4074074074074074,0.29508196721311475,0.3181818181818182,0.36666666666666664,0.41418764302059496,0.5787476280834914,0.3103448275862069,0.3037974683544304,0.38562091503267976
Oakland,0.29411764705882354,0.23636363636363636,0.6153846153846154,0.0,0.16666666666666666,0.3333333333333333,0.3333333333333333,0.38596491228070173,0.6666666666666666,0.5,0.3333333333333333,0.3793103448275862
Ohio,0.336734693877551,0.4772727272727273,0.5454545454545454,0.0,0.2727272727272727,0.29411764705882354,0.3333333333333333,0.4,0.6875,0.5,0.36363636363636365,0.3076923076923077
Ohio State,0.35804701627486435,0.45255474452554745,0.696917808219178,0.23684210526315788,0.3898305084745763,0.36742424242424243,0.34782608695652173,0.36989795918367346,0.5967413441955194,0.36,0.3709677419354839,0.33992094861660077
Oklahoma,0.34520123839009287,0.4134366925064599,0.6489859594383776,0.36764705882352944,0.41304347826086957,0.32666666666666666,0.3620689655172414,0.378021978021978,0.6203125,0.3492063492063492,0.410958904109589,0.3776824034334764
Oklahoma State,0.33400402414486924,0.42048517520215634,0.6050632911392405,0.30357142857142855,0.4,0.37037037037037035,0.3746958637469586,0.3836477987421384,0.6077235772357723,0.46987951807228917,0.3466666666666667,0.3829787234042553
Old Dominion,0.30097087378640774,0.44329896907216493,0.6756756756756757,0.5714285714285714,0.18181818181818182,0.2857142857142857,0.35294117647058826,0.36470588235294116,0.5533980582524272,0.3,0.5,0.21428571428571427
Ole Miss,0.30241187384044527,0.3795811518324607,0.652605459057072,0.2916666666666667,0.3728813559322034,0.3073170731707317,0.36363636363636365,0.44,0.6367924528301887,0.4393939393939394,0.36923076923076925,0.28191489361702127
Oral Roberts,0.34375,0.4117647058823529,0.5757575757575758,0.4,0.3333333333333333,0.3076923076923077,0.3333333333333333,0.43243243243243246,0.5128205128205128,0.0,0.5,0.43478260869565216
Oregon,0.3525073746312684,0.45187165775401067,0.634862385321101,0.45454545454545453,0.27631578947368424,0.30851063829787234,0.3559027777777778,0.42053789731051344,0.6038543897216274,0.2807017543859649,0.484375,0.31683168316831684
Oregon State,0.3492063492063492,0.42475728155339804,0.6480446927374302,0.32558139534883723,0.2602739726027397,0.37962962962962965,0.3302540415704388,0.4046920821114369,0.6056644880174292,0.45614035087719296,0.273972602739726,0.3496932515337423
Pacific,0.32786885245901637,0.41338582677165353,0.6224489795918368,0.23809523809523808,0.4444444444444444,0.28,0.3568904593639576,0.39664804469273746,0.6462093862815884,0.6666666666666666,0.3225806451612903,0.46236559139784944
Penn State,0.37142857142857144,0.40046838407494145,0.6481835564053537,0.18181818181818182,0.4528301886792453,0.34782608695652173,0.34763948497854075,0.3898305084745763,0.6130952380952381,0.37037037037037035,0.425,0.3373015873015873
Pennsylvania,0.40425531914893614,0.43478260869565216,0.6164383561643836,0.4444444444444444,0.375,0.3333333333333333,0.35714285714285715,0.36363636363636365,0.6962025316455697,0.2727272727272727,0.3333333333333333,0.3783783783783784
Pepperdine,0.36496350364963503,0.4174757281553398,0.6081081081081081,0.4444444444444444,0.4782608695652174,0.37575757575757573,0.4010989010989011,0.4423076923076923,0.6942446043165468,0.43333333333333335,0.37142857142857144,0.4
Pittsburgh,0.32592592592592595,0.32272727272727275,0.6094117647058823,0.35714285714285715,0.2714285714285714,0.27102803738317754,0.3389121338912134,0.42378048780487804,0.64453125,0.4,0.33766233766233766,0.32
Portland,0.37116564417177916,0.38565022421524664,0.6413043478260869,0.3235294117647059,0.5223880597014925,0.30656934306569344,0.33756345177664976,0.3831417624521073,0.6571428571428571,0.425,0.3235294117647059,0.34814814814814815
Portland State,0.38125,0.3431372549019608,0.6363636363636364,0.2222222222222222,0.4166666666666667,0.3181818181818182,0.391304347826087,0.3157894736842105,0.7134146341463414,0.4,0.1875,0.2727272727272727
Prairie View A&M,0.36585365853658536,0.4074074074074074,0.6153846153846154,0.14285714285714285,0.25,0.2903225806451613,0.29545454545454547,0.5666666666666667,0.7254901960784313,0.3333333333333333,0.3333333333333333,0.5
Presbyterian,0.2857142857142857,0.2631578947368421,0.8,0.5,0.0,0.4,0.2727272727272727,0.47368421052631576,0.6666666666666666,0.5,0.6666666666666666,0.2727272727272727
Princeton,0.35507246376811596,0.5405405405405406,0.6774193548387096,0.2,0.5714285714285714,0.39285714285714285,0.4144144144144144,0.41904761904761906,0.7011494252873564,0.16666666666666666,0.3,0.3142857142857143
Providence,0.3192660550458716,0.416044776119403,0.6335740072202166,0.5185185185185185,0.2898550724637681,0.3759124087591241,0.3258426966292135,0.4026548672566372,0.6597444089456869,0.3404255319148936,0.3088235294117647,0.33189655172413796
Purdue,0.4147018030513176,0.4622222222222222,0.7011494252873564,0.55,0.36666666666666664,0.36971830985915494,0.326625386996904,0.35447761194029853,0.6159554730983302,0.3404255319148936,0.423728813559322,0.36538461538461536
Quinnipiac,0.3728813559322034,0.39285714285714285,0.64,0.16666666666666666,0.4,0.2,0.3103448275862069,0.2631578947368421,0.7333333333333333,0.0,0.0,0.2857142857142857
Radford,0.2988505747126437,0.36129032258064514,0.5692307692307692,0.2222222222222222,0.4375,0.22972972972972974,0.33689839572192515,0.45098039215686275,0.6643835616438356,0.3684210526315789,0.38095238095238093,0.36363636363636365
Randall,0.47058823529411764,0.6666666666666666,0.3125,0.5,0.3333333333333333,0.5,0.3333333333333333,0.5,0.7741935483870968,0.42857142857142855,0.8,0.3333333333333333
Rhode Island,0.35351089588377727,0.40384615384615385,0.6262230919765166,0.37735849056603776,0.3968253968253968,0.32460732984293195,0.3385579937304075,0.4163934426229508,0.6302186878727635,0.34210526315789475,0.3508771929824561,0.3208955223880597
Rice,0.2391304347826087,0.38095238095238093,0.6071428571428571,0.2222222222222222,0.3333333333333333,0.5,0.40425531914893614,0.2857142857142857,0.7586206896551724,0.1111111111111111,0.14285714285714285,0.625
Richmond,0.34536082474226804,0.45857988165680474,0.6666666666666666,0.19230769230769232,0.3548387096774194,0.4253731343283582,0.3515850144092219,0.483974358974359,0.6656441717791411,0.5714285714285714,0.38596491228070173,0.38848920863309355
Rider,0.2833333333333333,0.3333333333333333,0.6346153846153846,0.14285714285714285,0.0,0.17391304347826086,0.38181818181818183,0.53125,0.6440677966101694,0.14285714285714285,0.2222222222222222,0.3
Robert Morris,0.3411764705882353,0.2894736842105263,0.5555555555555556,0.5,0.5,0.29411764705882354,0.3137254901960784,0.36363636363636365,0.7402597402597403,0.3333333333333333,0.46153846153846156,0.25925925925925924
Rutgers,0.3024054982817869,0.362962962962963,0.5870069605568445,0.2222222222222222,0.3170731707317073,0.32989690721649484,0.315450643776824,0.39263803680981596,0.6642335766423357,0.3488372093023256,0.5,0.3076923076923077
SIU-Edwardsville,0.22388059701492538,0.33962264150943394,0.5961538461538461,0.5,0.5,0.2962962962962963,0.3953488372093023,0.40540540540540543,0.7894736842105263,0.3,0.375,0.3333333333333333
SMU,0.3544061302681992,0.38701298701298703,0.6542553191489362,0.3695652173913043,0.4657534246575342,0.36363636363636365,0.3291592128801431,0.4273255813953488,0.6320224719101124,0.5789473684210527,0.3392857142857143,0.35978835978835977
Sacramento State,0.3076923076923077,0.36619718309859156,0.6585365853658537,0.0,0.3,0.2903225806451613,0.35,0.5,0.6451612903225806,0.21428571428571427,0.0,0.0625
Sacred Heart,0.2916666666666667,0.35714285714285715,0.6610169491525424,0.0,0.5,0.29411764705882354,0.288135593220339,0.47619047619047616,0.7358490566037735,0.9,0.3333333333333333,0.3076923076923077
Saint Joseph's (PA),0.3951048951048951,0.36024844720496896,0.6442687747035574,0.34615384615384615,0.18181818181818182,0.31451612903225806,0.34097421203438394,0.42483660130718953,0.6047430830039525,0.48484848484848486,0.43902439024390244,0.2808988764044944
Saint Louis,0.3181818181818182,0.3811659192825112,0.5773809523809523,0.4444444444444444,0.34375,0.30434782608695654,0.35563380281690143,0.41810344827586204,0.6109422492401215,0.30434782608695654,0.37777777777777777,0.3695652173913043
Saint Mary's,0.4004282655246253,0.5076586433260394,0.6672932330827067,0.4827586206896552,0.4117647058823529,0.37662337662337664,0.3264367816091954,0.42574257425742573,0.6145124716553289,0.3829787234042553,0.21875,0.38164251207729466
Sam Houston State,0.40217391304347827,0.4367816091954023,0.5555555555555556,0.4444444444444444,0.125,0.2682926829268293,0.40425531914893614,0.47058823529411764,0.7567567567567568,0.42857142857142855,0.6363636363636364,0.3076923076923077
Samford,0.4166666666666667,0.5454545454545454,0.7777777777777778,1.0,0.0,0.0,0.35294117647058826,0.4444444444444444,0.8333333333333334,0.0,0.42857142857142855,0.25
San Diego,0.3230240549828179,0.4350282485875706,0.6470588235294118,0.35,0.3170731707317073,0.29411764705882354,0.3248730964467005,0.3937007874015748,0.6218487394957983,0.35294117647058826,0.2857142857142857,0.34210526315789475
San Diego State,0.32929782082324455,0.45454545454545453,0.6303317535545023,0.3148148148148148,0.3392857142857143,0.40131578947368424,0.3374485596707819,0.39215686274509803,0.6331521739130435,0.41379310344827586,0.391304347826087,0.3582887700534759
San Francisco,0.3157894736842105,0.376984126984127,0.5946666666666667,0.4117647058823529,0.39436619718309857,0.2980769230769231,0.3105590062111801,0.41690962099125367,0.6243781094527363,0.43243243243243246,0.4117647058823529,0.368
San Jose State,0.3729903536977492,0.3970149253731343,0.6118881118881119,0.3157894736842105,0.25,0.36904761904761907,0.35064935064935066,0.43548387096774194,0.6764705882352942,0.3492063492063492,0.37142857142857144,0.33636363636363636
Santa Clara,0.3375,0.3782608695652174,0.6554307116104869,0.29411764705882354,0.3333333333333333,0.4166666666666667,0.36742424242424243,0.4385245901639344,0.7177914110429447,0.5454545454545454,0.45454545454545453,0.4107142857142857
Savannah State,0.296875,0.23809523809523808,0.4424778761061947,0.4117647058823529,0.16,0.15789473684210525,0.375,0.42857142857142855,0.7058823529411765,0.4166666666666667,0.391304347826087,0.3076923076923077
Seattle,0.46153846153846156,0.2916666666666667,0.421875,0.8333333333333334,0.2,0.45454545454545453,0.4423076923076923,0.2631578947368421,0.5223880597014925,0.42857142857142855,0.5,0.27586206896551724
Seton Hall,0.36042402826855124,0.41222879684418146,0.6574923547400612,0.48214285714285715,0.32786885245901637,0.35526315789473684,0.3363774733637747,0.4110854503464203,0.6377816291161178,0.3333333333333333,0.39705882352941174,0.33948339483394835
Siena,0.2962962962962963,0.0967741935483871,0.5,0.5,0.4,0.21428571428571427,0.4,0.6,0.6538461538461539,0.3333333333333333,0.25,0.3333333333333333
South Alabama,0.2702702702702703,0.21739130434782608,0.5384615384615384,0.0,0.25,0.2727272727272727,0.2631578947368421,0.35294117647058826,0.6388888888888888,0.5,0.0,0.5
South Carolina,0.32447817836812143,0.36363636363636365,0.5825,0.34615384615384615,0.34,0.3092369477911647,0.33620689655172414,0.37545126353790614,0.6190476190476191,0.32075471698113206,0.35294117647058826,0.3684210526315789
South Carolina State,0.32432432432432434,0.373134328358209,0.6333333333333333,0.75,0.25,0.3375,0.42168674698795183,0.5098039215686274,0.8076923076923077,0.4375,0.25,0.46153846153846156
South Dakota,0.36585365853658536,0.4270833333333333,0.5742574257425742,0.375,0.375,0.48214285714285715,0.3269230769230769,0.4649122807017544,0.6078431372549019,0.4,0.5294117647058824,0.28125
South Dakota State,0.3904761904761905,0.4011299435028249,0.5714285714285714,0.25,0.5625,0.48936170212765956,0.36018957345971564,0.515527950310559,0.6822429906542056,0.5833333333333334,0.15789473684210525,0.375
South Florida,0.3851851851851852,0.35555555555555557,0.5595238095238095,0.3142857142857143,0.23529411764705882,0.3333333333333333,0.32996632996632996,0.5060728744939271,0.7163120567375887,0.3448275862068966,0.44642857142857145,0.37777777777777777
Southeast Missouri State,0.4375,0.0,0.5,0.6666666666666666,0.25,1.0,0.30434782608695654,0.3333333333333333,0.48,0.5,0.6666666666666666,0.125
Southeastern Louisiana,0.3194444444444444,0.2926829268292683,0.6170212765957447,0.5,0.4,0.3684210526315789,0.3283582089552239,0.4861111111111111,0.6595744680851063,0.5,0.2,0.2702702702702703
Southern Illinois,0.33073929961089493,0.44537815126050423,0.6013986013986014,0.2857142857142857,0.45,0.3739130434782609,0.34055727554179566,0.4158415841584158,0.6852589641434262,0.4444444444444444,0.36,0.35
Southern Miss,0.39705882352941174,0.43478260869565216,0.6923076923076923,0.25,0.25,0.3333333333333333,0.4107142857142857,0.4222222222222222,0.6333333333333333,0.5,0.5,0.4166666666666667
Southern University,0.2978723404255319,0.30973451327433627,0.48314606741573035,0.5714285714285714,0.5,0.2876712328767123,0.35185185185185186,0.5394736842105263,0.7349397590361446,0.1111111111111111,0.5,0.4634146341463415
Southern Utah,0.39344262295081966,0.39080459770114945,0.55,0.5,0.45,0.36363636363636365,0.3627450980392157,0.4945054945054945,0.7448275862068966,0.35294117647058826,0.5,0.34782608695652173
St. Bonaventure,0.3756906077348066,0.41517857142857145,0.5613079019073569,0.39285714285714285,0.44,0.3581081081081081,0.36658354114713215,0.38095238095238093,0.6779141104294478,0.2608695652173913,0.24,0.3153153153153153
St. Francis (BKN),0.28125,0.21428571428571427,0.425531914893617,0.0,0.125,0.15384615384615385,0.3,0.3076923076923077,0.5833333333333334,0.5,0.5,0.2777777777777778
St. Francis (PA),0.36923076923076925,0.40350877192982454,0.6101694915254238,0.3,0.16666666666666666,0.3888888888888889,0.47368421052631576,0.484375,0.686046511627907,0.3333333333333333,0.46153846153846156,0.4
St. John's,0.3054989816700611,0.424,0.6326129666011788,0.3902439024390244,0.417910447761194,0.33797909407665505,0.38118022328548645,0.3644578313253012,0.5826086956521739,0.3392857142857143,0.35064935064935066,0.3526570048309179
St. Peter's,0.3181818181818182,0.30303030303030304,0.6323529411764706,0.0,0.5,0.375,0.21311475409836064,0.3409090909090909,0.6756756756756757,0.5,0.375,0.29411764705882354
Stanford,0.37371134020618557,0.4014084507042254,0.6184873949579832,0.273972602739726,0.4074074074074074,0.3466666666666667,0.3473684210526316,0.4134831460674157,0.6026119402985075,0.3695652173913043,0.3793103448275862,0.3425925925925926
Stephen F. Austin,0.391304347826087,0.4166666666666667,0.6067415730337079,1.0,0.2727272727272727,0.38461538461538464,0.35294117647058826,0.40816326530612246,0.5566037735849056,0.4666666666666667,0.4444444444444444,0.2222222222222222
Stetson,0.2647058823529412,0.42857142857142855,0.7777777777777778,0.0,0.0,0.3333333333333333,0.43243243243243246,0.46808510638297873,0.782608695652174,0.6,0.2,0.3333333333333333
Stony Brook,0.3333333333333333,0.28378378378378377,0.5979381443298969,0.4,0.375,0.24242424242424243,0.32558139534883723,0.3835616438356164,0.6542056074766355,0.16666666666666666,0.2222222222222222,0.2894736842105263
Syracuse,0.3159851301115242,0.4060475161987041,0.6032863849765259,0.4583333333333333,0.34782608695652173,0.375,0.30703012912482064,0.40963855421686746,0.6098130841121495,0.3291139240506329,0.36231884057971014,0.26595744680851063
TCU,0.41409691629955947,0.44556962025316454,0.647787610619469,0.4044943820224719,0.23880597014925373,0.37058823529411766,0.37168141592920356,0.38676844783715014,0.6129032258064516,0.375,0.4714285714285714,0.43333333333333335
Temple,0.35423728813559324,0.3898305084745763,0.6202830188679245,0.2692307692307692,0.3684210526315789,0.32752613240418116,0.3166023166023166,0.4380165289256198,0.6431623931623932,0.3541666666666667,0.3090909090909091,0.351931330472103
Tennessee,0.35428571428571426,0.3862212943632568,0.6632390745501285,0.5283018867924528,0.35714285714285715,0.3333333333333333,0.30739299610894943,0.3870967741935484,0.6207627118644068,0.29310344827586204,0.38,0.30952380952380953
Tennessee State,0.3582089552238806,0.3,0.4857142857142857,0.36363636363636365,0.42857142857142855,0.4,0.3717948717948718,0.5892857142857143,0.6888888888888889,0.42857142857142855,0.625,0.4117647058823529
Tennessee Tech,0.27906976744186046,0.3787878787878788,0.5476190476190477,0.14285714285714285,0.0,0.4117647058823529,0.19607843137254902,0.48148148148148145,0.5882352941176471,0.5,0.4,0.47619047619047616
Tennessee-Martin,0.42857142857142855,0.3333333333333333,0.8461538461538461,0.5,0.0,0.2,0.23529411764705882,0.3888888888888889,0.8461538461538461,1.0,0.3333333333333333,0.3333333333333333
Texas,0.2910714285714286,0.3723150357995227,0.6547169811320754,0.4155844155844156,0.5068493150684932,0.3235294117647059,0.3359073359073359,0.4043478260869565,0.634,0.39622641509433965,0.3466666666666667,0.31983805668016196
Texas A&M,0.3134057971014493,0.44715447154471544,0.6640866873065016,0.3181818181818182,0.44642857142857145,0.3181818181818182,0.3102893890675241,0.3726235741444867,0.615686274509804,0.5125,0.30392156862745096,0.3273381294964029
Texas A&M-CC,0.34375,0.325,0.56,0.3333333333333333,0.1111111111111111,0.4166666666666667,0.3,0.5882352941176471,0.673469387755102,0.5714285714285714,0.7,0.35714285714285715
Texas Rio Grande Valley,0.20512820512820512,0.3333333333333333,0.45614035087719296,0.25,0.14285714285714285,0.425531914893617,0.3898305084745763,0.42105263157894735,0.6060606060606061,0.14285714285714285,0.3333333333333333,0.38095238095238093
Texas Southern,0.3279569892473118,0.3728813559322034,0.5843373493975904,0.3902439024390244,0.3157894736842105,0.38571428571428573,0.33689839572192515,0.4713375796178344,0.6302083333333334,0.65,0.42857142857142855,0.2823529411764706
Texas State,0.22033898305084745,0.4358974358974359,0.6071428571428571,1.0,0.5,0.375,0.4117647058823529,0.3953488372093023,0.5675675675675675,0.14285714285714285,0.625,0.4666666666666667
Texas Tech,0.34296724470134876,0.38186813186813184,0.635593220338983,0.5,0.3559322033898305,0.38022813688212925,0.3231357552581262,0.37275064267352187,0.58,0.5081967213114754,0.25925925925925924,0.3217391304347826
Texas-Arlington,0.39869281045751637,0.47580645161290325,0.6388888888888888,0.4166666666666667,0.3157894736842105,0.3269230769230769,0.3105590062111801,0.5157894736842106,0.6346153846153846,0.2,0.42105263157894735,0.3918918918918919
Toledo,0.4056603773584906,0.2549019607843137,0.6119402985074627,0.6,0.5,0.37777777777777777,0.41935483870967744,0.3770491803278688,0.6101694915254238,0.25,0.5,0.2571428571428571
Towson,0.17857142857142858,0.4857142857142857,0.85,0.25,0.75,0.3333333333333333,0.36585365853658536,0.4090909090909091,0.5,0.75,0.2857142857142857,0.42857142857142855
Troy,0.19117647058823528,0.32,0.5555555555555556,0.2857142857142857,0.0,0.48148148148148145,0.3181818181818182,0.3333333333333333,0.5964912280701754,0.0,0.3333333333333333,0.45161290322580644
Tulane,0.32558139534883723,0.3770491803278688,0.6546961325966851,0.4444444444444444,0.36538461538461536,0.3672316384180791,0.3474576271186441,0.45112781954887216,0.6684350132625995,0.4375,0.35,0.34065934065934067
Tulsa,0.3447488584474886,0.3815261044176707,0.624,0.375,0.36363636363636365,0.25833333333333336,0.35845213849287166,0.3645833333333333,0.6352583586626139,0.38181818181818183,0.2692307692307692,0.3712574850299401
UAB,0.2891566265060241,0.4507042253521127,0.6444444444444445,0.3333333333333333,0.25,0.5666666666666667,0.3076923076923077,0.4523809523809524,0.6923076923076923,0.46153846153846156,0.5294117647058824,0.40625
UC Davis,0.3263157894736842,0.40789473684210525,0.6637168141592921,0.46153846153846156,0.375,0.32608695652173914,0.3418803418803419,0.46551724137931033,0.6422764227642277,0.4,0.0,0.425
UC Irvine,0.3013698630136986,0.22857142857142856,0.575,0.6666666666666666,0.2857142857142857,0.3090909090909091,0.28888888888888886,0.32727272727272727,0.5454545454545454,0.5,0.4,0.4262295081967213
UC Riverside,0.23255813953488372,0.4411764705882353,0.5740740740740741,0.5,0.3333333333333333,0.35714285714285715,0.2857142857142857,0.41379310344827586,0.6153846153846154,0.0,0.2857142857142857,0.22580645161290322
UC Santa Barbara,0.3394495412844037,0.45454545454545453,0.5263157894736842,0.5,0.6,0.3157894736842105,0.29545454545454547,0.3968253968253968,0.5466666666666666,0.16666666666666666,0.45454545454545453,0.5
UCF,0.3197969543147208,0.371571072319202,0.5945273631840796,0.4166666666666667,0.3111111111111111,0.2595419847328244,0.30788804071246817,0.35324675324675325,0.6114130434782609,0.4909090909090909,0.3114754098360656,0.3546099290780142
UCLA,0.37537091988130566,0.4439461883408072,0.6492985971943888,0.42105263157894735,0.3939393939393939,0.376,0.34323922734026746,0.3834745762711864,0.5962962962962963,0.35526315789473684,0.3448275862068966,0.38910505836575876
UMBC,0.37373737373737376,0.3924050632911392,0.6764705882352942,0.43333333333333335,0.6428571428571429,0.32558139534883723,0.3333333333333333,0.4264705882352941,0.7341772151898734,0.3333333333333333,0.4166666666666667,0.3488372093023256
UMKC,0.27419354838709675,0.375,0.5111111111111111,0.4,0.25,0.4230769230769231,0.3090909090909091,0.40625,0.6891891891891891,0.375,0.6,0.5
UNC Asheville,0.3125,0.46153846153846156,0.5476190476190477,0.5,0.5,0.4090909090909091,0.40384615384615385,0.5428571428571428,0.65,0.3333333333333333,0.375,0.35
UNC Greensboro,0.23770491803278687,0.4473684210526316,0.6964285714285714,0.3333333333333333,0.0,0.3076923076923077,0.2604166666666667,0.375,0.6530612244897959,0.2727272727272727,0.15384615384615385,0.38235294117647056
UNLV,0.33798882681564246,0.47493403693931396,0.6632825719120136,0.23684210526315788,0.2826086956521739,0.31155778894472363,0.35375494071146246,0.42201834862385323,0.6227897838899804,0.4,0.4791666666666667,0.2966101694915254
USC,0.3498233215547703,0.43665158371040724,0.6661045531197302,0.44285714285714284,0.49038461538461536,0.33073929961089493,0.34340222575516693,0.40240963855421685,0.6243093922651933,0.30952380952380953,0.4268292682926829,0.3697478991596639
USC Upstate,0.3471502590673575,0.2857142857142857,0.5660377358490566,0.35,0.38461538461538464,0.39285714285714285,0.43609022556390975,0.41975308641975306,0.6823529411764706,0.9333333333333333,0.631578947368421,0.75
UTEP,0.2125,0.4,0.7142857142857143,0.42857142857142855,0.6,0.31666666666666665,0.3627450980392157,0.4594594594594595,0.5964912280701754,0.23076923076923078,0.3125,0.3103448275862069
UTSA,0.38,0.4125,0.6129032258064516,0.18181818181818182,0.2727272727272727,0.25,0.29473684210526313,0.40350877192982454,0.75,0.14285714285714285,0.5833333333333334,0.4482758620689655
University of Antelope Valley,0.1111111111111111,0.21052631578947367,0.6,0.5,0.0,0.0,0.5714285714285714,0.5882352941176471,0.6086956521739131,0.0,0.25,0.14285714285714285
Utah,0.36231884057971014,0.41810344827586204,0.625,0.3582089552238806,0.3684210526315789,0.35964912280701755,0.3466933867735471,0.36151603498542273,0.5925925925925926,0.4126984126984127,0.3492063492063492,0.3789954337899543
Utah State,0.33974358974358976,0.3769633507853403,0.6229050279329609,0.390625,0.48,0.4015748031496063,0.3516209476309227,0.4006849315068493,0.6548223350253807,0.38235294117647056,0.3829787234042553,0.381294964028777
Utah Valley,0.2597402597402597,0.36507936507936506,0.5545454545454546,0.4166666666666667,0.0,0.2857142857142857,0.3780487804878049,0.4,0.6542056074766355,0.6,0.5,0.2777777777777778
Valparaiso,0.34782608695652173,0.3877551020408163,0.6751592356687898,0.3333333333333333,0.4,0.30985915492957744,0.3125,0.44,0.72,0.35714285714285715,0.43333333333333335,0.2987012987012987
Vanderbilt,0.32656826568265684,0.45121951219512196,0.5827664399092971,0.3684210526315789,0.45977011494252873,0.35384615384615387,0.38875305623471884,0.4489247311827957,0.6375266524520256,0.41935483870967744,0.5,0.3640552995391705
Vermont,0.40963855421686746,0.3333333333333333,0.65,0.125,0.42857142857142855,0.25,0.3287671232876712,0.3950617283950617,0.6376811594202898,0.5,0.6,0.35
Villanova,0.39604989604989604,0.5277777777777778,0.7133105802047781,0.4157303370786517,0.42727272727272725,0.4090909090909091,0.30791788856304986,0.39186991869918697,0.640502354788069,0.38461538461538464,0.3333333333333333,0.3711340206185567
Virginia,0.3769063180827887,0.4170403587443946,0.6824644549763034,0.40816326530612246,0.38095238095238093,0.39090909090909093,0.30338983050847457,0.32670454545454547,0.5616740088105727,0.38095238095238093,0.3064516129032258,0.31343283582089554
Virginia Commonwealth,0.3522727272727273,0.4738292011019284,0.6205250596658711,0.3829787234042553,0.2714285714285714,0.28703703703703703,0.3575,0.39552238805970147,0.642578125,0.40384615384615385,0.42105263157894735,0.3611111111111111
Virginia Military,0.3111111111111111,0.4827586206896552,0.6190476190476191,0.0,0.0,0.2,0.3409090909090909,0.58,0.5555555555555556,0.3333333333333333,0.6666666666666666,0.1111111111111111
Virginia Tech,0.36160714285714285,0.4007220216606498,0.6768,0.4274193548387097,0.43820224719101125,0.36666666666666664,0.3566775244299674,0.34492753623188405,0.6843373493975904,0.3389830508474576,0.3333333333333333,0.3415841584158416
Wagner,0.3017241379310345,0.323943661971831,0.6116504854368932,0.3076923076923077,0.17647058823529413,0.28205128205128205,0.4423076923076923,0.36666666666666664,0.6881720430107527,0.3076923076923077,0.4166666666666667,0.36
Wake Forest,0.3681710213776722,0.35081967213114756,0.6150442477876106,0.35135135135135137,0.3584905660377358,0.3651452282157676,0.3650107991360691,0.40714285714285714,0.6262886597938144,0.42,0.3404255319148936,0.3446327683615819
Walla Walla,0.2857142857142857,0.42857142857142855,0.2,0.5,0.4,0.14285714285714285,0.38095238095238093,0.5,0.7916666666666666,0.6666666666666666,0.5,0.25
Washington,0.33698030634573306,0.43015521064301554,0.6436363636363637,0.34328358208955223,0.3698630136986301,0.3128205128205128,0.32679738562091504,0.4435946462715105,0.64375,0.32894736842105265,0.34408602150537637,0.3352941176470588
Washington State,0.36885245901639346,0.42857142857142855,0.64,0.3974358974358974,0.3673469387755102,0.358974358974359,0.34901960784313724,0.4851190476190476,0.6485436893203883,0.36666666666666664,0.36231884057971014,0.375886524822695
Weber State,0.2727272727272727,0.4358974358974359,0.6923076923076923,0.5,0.6,0.35,0.3684210526315789,0.37777777777777777,0.717391304347826,0.75,0.7272727272727273,0.5333333333333333
West Virginia,0.34749620637329287,0.42950108459869846,0.5956375838926175,0.4672897196261682,0.2882882882882883,0.35097493036211697,0.3706422018348624,0.35561497326203206,0.5566343042071198,0.43373493975903615,0.39669421487603307,0.3271604938271605
Western Carolina,0.38271604938271603,0.3125,0.4725274725274725,0.25,0.42857142857142855,0.2222222222222222,0.5121951219512195,0.45454545454545453,0.6333333333333333,0.4,0.2857142857142857,0.3870967741935484
Western Illinois,0.35714285714285715,0.48,0.6666666666666666,0.0,0.0,0.4,0.28,0.1875,0.5882352941176471,0.0,0.0,0.25
Western Kentucky,0.3434343434343434,0.43333333333333335,0.5684931506849316,0.7142857142857143,0.25,0.5116279069767442,0.34814814814814815,0.44339622641509435,0.6240601503759399,0.6666666666666666,0.42105263157894735,0.24074074074074073
Western Michigan,0.3465346534653465,0.3888888888888889,0.6329113924050633,0.14285714285714285,0.5,0.35135135135135137,0.3263157894736842,0.2777777777777778,0.7578947368421053,0.09090909090909091,0.2,0.18181818181818182
Wichita State,0.3729071537290715,0.4381443298969072,0.6843971631205674,0.6382978723404256,0.3048780487804878,0.37407407407407406,0.3592085235920852,0.36507936507936506,0.6280788177339901,0.32558139534883723,0.4657534246575342,0.36454849498327757
William & Mary,0.3333333333333333,0.5185185185185185,0.6666666666666666,0.625,0.4444444444444444,0.5,0.3137254901960784,0.5142857142857142,0.7450980392156863,0.5,0.5,0.42857142857142855
Winthrop,0.3559322033898305,0.3076923076923077,0.6136363636363636,0.5,0.375,0.4666666666666667,0.3888888888888889,0.36363636363636365,0.6666666666666666,0.0,0.0,0.2222222222222222
Wisconsin,0.3279279279279279,0.46208530805687204,0.6125244618395304,0.3409090909090909,0.44680851063829785,0.3507853403141361,0.3648351648351648,0.44308943089430897,0.6536697247706422,0.3783783783783784,0.16216216216216217,0.3879003558718861
Wofford,0.2923076923076923,0.4,0.631578947368421,0.5,0.2,0.5185185185185185,0.29577464788732394,0.4482758620689655,0.525,0.0,0.0,0.25
Wright State,0.3157894736842105,0.2549019607843137,0.6226415094339622,0.3333333333333333,0.8,0.2692307692307692,0.2857142857142857,0.40350877192982454,0.6046511627906976,0.2,0.4444444444444444,0.36585365853658536
Wyoming,0.33399602385685884,0.42857142857142855,0.6532066508313539,0.40384615384615385,0.36507936507936506,0.32575757575757575,0.3629242819843342,0.43440233236151604,0.6026666666666667,0.3783783783783784,0.559322033898305,0.39915966386554624
Xavier,0.369281045751634,0.4719626168224299,0.6581560283687943,0.39215686274509803,0.4,0.37967914438502676,0.3262316910785619,0.4328018223234624,0.6176991150442478,0.4084507042253521,0.32926829268292684,0.3649122807017544
Yale,0.2818181818181818,0.39436619718309857,0.6666666666666666,0.125,0.38095238095238093,0.4375,0.34782608695652173,0.6,0.6486486486486487,0.4,0.4444444444444444,0.4634146341463415
Youngstown State,0.39655172413793105,0.40384615384615385,0.6571428571428571,0.2,0.16666666666666666,0.25,0.34146341463414637,0.49019607843137253,0.7076923076923077,0.42857142857142855,0.25,0.5
